date,상품,카테고리,발매가,브랜드,리셀가
2025-01-14T02:52:20Z,Nike x Supreme Air Force 1 Low White,Shoes,172600,Nike,207000
2025-01-14T02:37:04Z,Nike x Supreme Air Force 1 Low White,Shoes,172600,Nike,206000
2025-01-14T02:30:43Z,Nike x Supreme Air Force 1 Low White,Shoes,172600,Nike,208000
2025-01-14T02:26:28Z,Nike x Supreme Air Force 1 Low White,Shoes,172600,Nike,245000
2025-01-14T01:16:09Z,Nike x Supreme Air Force 1 Low White,Shoes,172600,Nike,230000
2025-01-14T01:12:34Z,Nike x Supreme Air Force 1 Low White,Shoes,172600,Nike,205000
2025-01-14T00:59:11Z,Nike x Supreme Air Force 1 Low White,Shoes,172600,Nike,205000
2025-01-14T00:38:07Z,Nike x Supreme Air Force 1 Low White,Shoes,172600,Nike,203000
2025-01-14T00:31:25Z,Nike x Supreme Air Force 1 Low White,Shoes,172600,Nike,195000
2025-01-13T22:36:23Z,Nike x Supreme Air Force 1 Low White,Shoes,172600,Nike,210000
2025-01-13T22:30:24Z,Nike x Supreme Air Force 1 Low White,Shoes,172600,Nike,202000
2025-01-13T13:51:04Z,Nike x Supreme Air Force 1 Low White,Shoes,172600,Nike,213000
2025-01-13T13:08:51Z,Nike x Supreme Air Force 1 Low White,Shoes,172600,Nike,210000
2025-01-13T12:39:43Z,Nike x Supreme Air Force 1 Low White,Shoes,172600,Nike,229000
2025-01-13T12:22:18Z,Nike x Supreme Air Force 1 Low White,Shoes,172600,Nike,214000
2025-01-13T12:18:50Z,Nike x Supreme Air Force 1 Low White,Shoes,172600,Nike,213000
2025-01-13T12:13:37Z,Nike x Supreme Air Force 1 Low White,Shoes,172600,Nike,251000
2025-01-13T11:34:01Z,Nike x Supreme Air Force 1 Low White,Shoes,172600,Nike,225000
2025-01-13T11:18:33Z,Nike x Supreme Air Force 1 Low White,Shoes,172600,Nike,210000
2025-01-13T11:12:18Z,Nike x Supreme Air Force 1 Low White,Shoes,172600,Nike,210000
2025-01-13T10:24:26Z,Nike x Supreme Air Force 1 Low White,Shoes,172600,Nike,194000
2025-01-13T09:52:23Z,Nike x Supreme Air Force 1 Low White,Shoes,172600,Nike,211000
2025-01-13T09:04:08Z,Nike x Supreme Air Force 1 Low White,Shoes,172600,Nike,203000
2025-01-13T08:32:46Z,Nike x Supreme Air Force 1 Low White,Shoes,172600,Nike,220000
2025-01-13T08:32:46Z,Nike x Supreme Air Force 1 Low White,Shoes,172600,Nike,202000
2025-01-13T08:32:46Z,Nike x Supreme Air Force 1 Low White,Shoes,172600,Nike,209000
2025-01-13T08:32:46Z,Nike x Supreme Air Force 1 Low White,Shoes,172600,Nike,209000
2025-01-13T08:02:11Z,Nike x Supreme Air Force 1 Low White,Shoes,172600,Nike,200000
2025-01-13T06:00:19Z,Nike x Supreme Air Force 1 Low White,Shoes,172600,Nike,194000
2025-01-13T05:37:40Z,Nike x Supreme Air Force 1 Low White,Shoes,172600,Nike,210000
2025-01-13T05:22:41Z,Nike x Supreme Air Force 1 Low White,Shoes,172600,Nike,209000
2025-01-13T04:56:43Z,Nike x Supreme Air Force 1 Low White,Shoes,172600,Nike,251000
2025-01-13T04:56:40Z,Nike x Supreme Air Force 1 Low White,Shoes,172600,Nike,210000
2025-01-13T04:12:24Z,Nike x Supreme Air Force 1 Low White,Shoes,172600,Nike,212000
2025-01-13T03:11:53Z,Nike x Supreme Air Force 1 Low White,Shoes,172600,Nike,209000
2025-01-13T02:03:58Z,Nike x Supreme Air Force 1 Low White,Shoes,172600,Nike,213000
2025-01-13T00:10:54Z,Nike x Supreme Air Force 1 Low White,Shoes,172600,Nike,220000
2025-01-12T22:57:05Z,Nike x Supreme Air Force 1 Low White,Shoes,172600,Nike,190000
2025-01-12T17:36:27Z,Nike x Supreme Air Force 1 Low White,Shoes,172600,Nike,209000
2025-01-12T16:32:02Z,Nike x Supreme Air Force 1 Low White,Shoes,172600,Nike,211000
2025-01-12T15:43:03Z,Nike x Supreme Air Force 1 Low White,Shoes,172600,Nike,251000
2025-01-12T14:43:25Z,Nike x Supreme Air Force 1 Low White,Shoes,172600,Nike,194000
2025-01-12T14:17:05Z,Nike x Supreme Air Force 1 Low White,Shoes,172600,Nike,219000
2025-01-12T13:52:30Z,Nike x Supreme Air Force 1 Low White,Shoes,172600,Nike,204000
2025-01-12T13:46:51Z,Nike x Supreme Air Force 1 Low White,Shoes,172600,Nike,203000
2025-01-12T12:59:22Z,Nike x Supreme Air Force 1 Low White,Shoes,172600,Nike,206000
2025-01-12T12:50:44Z,Nike x Supreme Air Force 1 Low White,Shoes,172600,Nike,196000
2025-01-12T12:25:47Z,Nike x Supreme Air Force 1 Low White,Shoes,172600,Nike,210000
2025-01-12T11:33:08Z,Nike x Supreme Air Force 1 Low White,Shoes,172600,Nike,194000
2025-01-12T10:26:42Z,Nike x Supreme Air Force 1 Low White,Shoes,172600,Nike,205000
2025-01-12T09:31:19Z,Nike x Supreme Air Force 1 Low White,Shoes,172600,Nike,203000
2025-01-12T09:06:35Z,Nike x Supreme Air Force 1 Low White,Shoes,172600,Nike,194000
2025-01-12T09:05:36Z,Nike x Supreme Air Force 1 Low White,Shoes,172600,Nike,210000
2025-01-12T06:01:44Z,Nike x Supreme Air Force 1 Low White,Shoes,172600,Nike,253000
2025-01-12T05:47:45Z,Nike x Supreme Air Force 1 Low White,Shoes,172600,Nike,204000
2025-01-12T05:33:56Z,Nike x Supreme Air Force 1 Low White,Shoes,172600,Nike,200000
2025-01-12T04:44:15Z,Nike x Supreme Air Force 1 Low White,Shoes,172600,Nike,240000
2025-01-12T03:49:41Z,Nike x Supreme Air Force 1 Low White,Shoes,172600,Nike,203000
2025-01-12T02:25:05Z,Nike x Supreme Air Force 1 Low White,Shoes,172600,Nike,210000
2025-01-11T15:05:56Z,Nike x Supreme Air Force 1 Low White,Shoes,172600,Nike,210000
2025-01-11T14:48:27Z,Nike x Supreme Air Force 1 Low White,Shoes,172600,Nike,254000
2025-01-11T14:47:08Z,Nike x Supreme Air Force 1 Low White,Shoes,172600,Nike,209000
2025-01-11T14:43:41Z,Nike x Supreme Air Force 1 Low White,Shoes,172600,Nike,209000
2025-01-11T12:37:44Z,Nike x Supreme Air Force 1 Low White,Shoes,172600,Nike,209000
2025-01-11T09:17:29Z,Nike x Supreme Air Force 1 Low White,Shoes,172600,Nike,190000
2025-01-11T09:01:51Z,Nike x Supreme Air Force 1 Low White,Shoes,172600,Nike,209000
2025-01-11T08:42:58Z,Nike x Supreme Air Force 1 Low White,Shoes,172600,Nike,239000
2025-01-11T08:38:03Z,Nike x Supreme Air Force 1 Low White,Shoes,172600,Nike,192000
2025-01-11T07:56:15Z,Nike x Supreme Air Force 1 Low White,Shoes,172600,Nike,196000
2025-01-11T07:00:48Z,Nike x Supreme Air Force 1 Low White,Shoes,172600,Nike,207000
2025-01-11T05:38:07Z,Nike x Supreme Air Force 1 Low White,Shoes,172600,Nike,209000
2025-01-11T05:17:47Z,Nike x Supreme Air Force 1 Low White,Shoes,172600,Nike,210000
2025-01-11T05:01:34Z,Nike x Supreme Air Force 1 Low White,Shoes,172600,Nike,202000
2025-01-11T05:00:34Z,Nike x Supreme Air Force 1 Low White,Shoes,172600,Nike,232000
2025-01-11T02:26:17Z,Nike x Supreme Air Force 1 Low White,Shoes,172600,Nike,195000
2025-01-11T02:17:49Z,Nike x Supreme Air Force 1 Low White,Shoes,172600,Nike,185000
2025-01-11T00:42:31Z,Nike x Supreme Air Force 1 Low White,Shoes,172600,Nike,200000
2025-01-11T00:04:26Z,Nike x Supreme Air Force 1 Low White,Shoes,172600,Nike,209000
2025-01-10T19:10:39Z,Nike x Supreme Air Force 1 Low White,Shoes,172600,Nike,190000
2025-01-10T18:00:10Z,Nike x Supreme Air Force 1 Low White,Shoes,172600,Nike,193000
2025-01-10T17:55:23Z,Nike x Supreme Air Force 1 Low White,Shoes,172600,Nike,209000
2025-01-10T17:44:25Z,Nike x Supreme Air Force 1 Low White,Shoes,172600,Nike,194000
2025-01-10T17:06:00Z,Nike x Supreme Air Force 1 Low White,Shoes,172600,Nike,188000
2025-01-10T17:00:54Z,Nike x Supreme Air Force 1 Low White,Shoes,172600,Nike,218000
2025-01-10T17:00:22Z,Nike x Supreme Air Force 1 Low White,Shoes,172600,Nike,210000
2025-01-10T16:46:54Z,Nike x Supreme Air Force 1 Low White,Shoes,172600,Nike,195000
2025-01-10T13:36:25Z,Nike x Supreme Air Force 1 Low White,Shoes,172600,Nike,212000
2025-01-10T12:42:38Z,Nike x Supreme Air Force 1 Low White,Shoes,172600,Nike,211000
2025-01-10T12:10:09Z,Nike x Supreme Air Force 1 Low White,Shoes,172600,Nike,194000
2025-01-10T11:22:57Z,Nike x Supreme Air Force 1 Low White,Shoes,172600,Nike,207000
2025-01-10T11:13:28Z,Nike x Supreme Air Force 1 Low White,Shoes,172600,Nike,206000
2025-01-10T10:31:30Z,Nike x Supreme Air Force 1 Low White,Shoes,172600,Nike,210000
2025-01-10T08:50:07Z,Nike x Supreme Air Force 1 Low White,Shoes,172600,Nike,209000
2025-01-10T08:43:02Z,Nike x Supreme Air Force 1 Low White,Shoes,172600,Nike,200000
2025-01-10T07:37:47Z,Nike x Supreme Air Force 1 Low White,Shoes,172600,Nike,209000
2025-01-10T06:31:02Z,Nike x Supreme Air Force 1 Low White,Shoes,172600,Nike,210000
2025-01-10T06:04:55Z,Nike x Supreme Air Force 1 Low White,Shoes,172600,Nike,193000
2025-01-10T05:49:17Z,Nike x Supreme Air Force 1 Low White,Shoes,172600,Nike,209000
2025-01-10T05:28:39Z,Nike x Supreme Air Force 1 Low White,Shoes,172600,Nike,256000
2025-01-10T05:07:31Z,Nike x Supreme Air Force 1 Low White,Shoes,172600,Nike,200000
2025-01-10T04:49:46Z,Nike x Supreme Air Force 1 Low White,Shoes,172600,Nike,231000
2025-01-10T03:58:40Z,Nike x Supreme Air Force 1 Low White,Shoes,172600,Nike,210000
2025-01-10T03:28:46Z,Nike x Supreme Air Force 1 Low White,Shoes,172600,Nike,200000
2025-01-10T01:55:03Z,Nike x Supreme Air Force 1 Low White,Shoes,172600,Nike,207000
2025-01-10T01:53:04Z,Nike x Supreme Air Force 1 Low White,Shoes,172600,Nike,209000
2025-01-10T01:23:09Z,Nike x Supreme Air Force 1 Low White,Shoes,172600,Nike,207000
2025-01-10T00:52:01Z,Nike x Supreme Air Force 1 Low White,Shoes,172600,Nike,199000
2025-01-10T00:14:19Z,Nike x Supreme Air Force 1 Low White,Shoes,172600,Nike,207000
2025-01-09T23:27:22Z,Nike x Supreme Air Force 1 Low White,Shoes,172600,Nike,181000
2025-01-09T22:37:31Z,Nike x Supreme Air Force 1 Low White,Shoes,172600,Nike,196000
2025-01-09T18:58:31Z,Nike x Supreme Air Force 1 Low White,Shoes,172600,Nike,282000
2025-01-09T18:47:07Z,Nike x Supreme Air Force 1 Low White,Shoes,172600,Nike,207000
2025-01-09T14:36:57Z,Nike x Supreme Air Force 1 Low White,Shoes,172600,Nike,207000
2025-01-09T13:48:31Z,Nike x Supreme Air Force 1 Low White,Shoes,172600,Nike,208000
2025-01-09T13:18:48Z,Nike x Supreme Air Force 1 Low White,Shoes,172600,Nike,197000
2025-01-09T13:14:19Z,Nike x Supreme Air Force 1 Low White,Shoes,172600,Nike,199000
2025-01-09T13:10:10Z,Nike x Supreme Air Force 1 Low White,Shoes,172600,Nike,207000
2025-01-09T12:25:40Z,Nike x Supreme Air Force 1 Low White,Shoes,172600,Nike,210000
2025-01-09T12:17:30Z,Nike x Supreme Air Force 1 Low White,Shoes,172600,Nike,195000
2025-01-09T11:36:20Z,Nike x Supreme Air Force 1 Low White,Shoes,172600,Nike,270000
2025-01-09T11:17:23Z,Nike x Supreme Air Force 1 Low White,Shoes,172600,Nike,207000
2025-01-09T10:05:13Z,Nike x Supreme Air Force 1 Low White,Shoes,172600,Nike,203000
2025-01-09T09:53:17Z,Nike x Supreme Air Force 1 Low White,Shoes,172600,Nike,200000
2025-01-09T09:36:39Z,Nike x Supreme Air Force 1 Low White,Shoes,172600,Nike,202000
2025-01-09T09:33:37Z,Nike x Supreme Air Force 1 Low White,Shoes,172600,Nike,199000
2025-01-09T08:11:57Z,Nike x Supreme Air Force 1 Low White,Shoes,172600,Nike,196000
2025-01-09T06:31:36Z,Nike x Supreme Air Force 1 Low White,Shoes,172600,Nike,193000
2025-01-09T03:57:31Z,Nike x Supreme Air Force 1 Low White,Shoes,172600,Nike,206000
2025-01-09T03:54:58Z,Nike x Supreme Air Force 1 Low White,Shoes,172600,Nike,188000
2025-01-09T03:43:28Z,Nike x Supreme Air Force 1 Low White,Shoes,172600,Nike,205000
2025-01-09T03:08:29Z,Nike x Supreme Air Force 1 Low White,Shoes,172600,Nike,203000
2025-01-09T02:34:32Z,Nike x Supreme Air Force 1 Low White,Shoes,172600,Nike,187000
2025-01-08T17:05:22Z,Nike x Supreme Air Force 1 Low White,Shoes,172600,Nike,205000
2025-01-08T16:58:31Z,Nike x Supreme Air Force 1 Low White,Shoes,172600,Nike,209000
2025-01-08T14:41:54Z,Nike x Supreme Air Force 1 Low White,Shoes,172600,Nike,207000
2025-01-08T14:19:41Z,Nike x Supreme Air Force 1 Low White,Shoes,172600,Nike,201000
2025-01-08T14:11:38Z,Nike x Supreme Air Force 1 Low White,Shoes,172600,Nike,191000
2025-01-08T13:18:05Z,Nike x Supreme Air Force 1 Low White,Shoes,172600,Nike,210000
2025-01-08T12:48:10Z,Nike x Supreme Air Force 1 Low White,Shoes,172600,Nike,190000
2025-01-08T12:21:44Z,Nike x Supreme Air Force 1 Low White,Shoes,172600,Nike,187000
2025-01-08T12:17:51Z,Nike x Supreme Air Force 1 Low White,Shoes,172600,Nike,217000
2025-01-08T11:28:03Z,Nike x Supreme Air Force 1 Low White,Shoes,172600,Nike,200000
2025-01-08T11:12:17Z,Nike x Supreme Air Force 1 Low White,Shoes,172600,Nike,197000
2025-01-08T11:01:36Z,Nike x Supreme Air Force 1 Low White,Shoes,172600,Nike,213000
2025-01-08T10:01:57Z,Nike x Supreme Air Force 1 Low White,Shoes,172600,Nike,280000
2025-01-08T09:44:41Z,Nike x Supreme Air Force 1 Low White,Shoes,172600,Nike,210000
2025-01-08T06:48:08Z,Nike x Supreme Air Force 1 Low White,Shoes,172600,Nike,208000
2025-01-08T06:18:58Z,Nike x Supreme Air Force 1 Low White,Shoes,172600,Nike,188000
2025-01-08T06:10:45Z,Nike x Supreme Air Force 1 Low White,Shoes,172600,Nike,252000
2025-01-08T06:02:24Z,Nike x Supreme Air Force 1 Low White,Shoes,172600,Nike,202000
2025-01-08T05:58:24Z,Nike x Supreme Air Force 1 Low White,Shoes,172600,Nike,195000
2025-01-08T05:37:44Z,Nike x Supreme Air Force 1 Low White,Shoes,172600,Nike,194000
2025-01-08T04:48:52Z,Nike x Supreme Air Force 1 Low White,Shoes,172600,Nike,185000
2025-01-08T03:37:18Z,Nike x Supreme Air Force 1 Low White,Shoes,172600,Nike,245000
2025-01-08T03:32:47Z,Nike x Supreme Air Force 1 Low White,Shoes,172600,Nike,188000
2025-01-08T03:19:39Z,Nike x Supreme Air Force 1 Low White,Shoes,172600,Nike,220000
2025-01-08T01:44:20Z,Nike x Supreme Air Force 1 Low White,Shoes,172600,Nike,200000
2025-01-08T00:21:58Z,Nike x Supreme Air Force 1 Low White,Shoes,172600,Nike,190000
2025-01-07T19:53:56Z,Nike x Supreme Air Force 1 Low White,Shoes,172600,Nike,189000
2025-01-07T16:28:40Z,Nike x Supreme Air Force 1 Low White,Shoes,172600,Nike,230000
2025-01-07T16:11:14Z,Nike x Supreme Air Force 1 Low White,Shoes,172600,Nike,215000
2025-01-07T16:08:44Z,Nike x Supreme Air Force 1 Low White,Shoes,172600,Nike,218000
2025-01-07T15:31:51Z,Nike x Supreme Air Force 1 Low White,Shoes,172600,Nike,207000
2025-01-07T14:16:31Z,Nike x Supreme Air Force 1 Low White,Shoes,172600,Nike,204000
2025-01-07T11:44:58Z,Nike x Supreme Air Force 1 Low White,Shoes,172600,Nike,205000
2025-01-07T11:43:42Z,Nike x Supreme Air Force 1 Low White,Shoes,172600,Nike,268000
2025-01-07T11:43:03Z,Nike x Supreme Air Force 1 Low White,Shoes,172600,Nike,212000
2025-01-07T11:16:39Z,Nike x Supreme Air Force 1 Low White,Shoes,172600,Nike,205000
2025-01-07T10:41:06Z,Nike x Supreme Air Force 1 Low White,Shoes,172600,Nike,229000
2025-01-07T10:27:07Z,Nike x Supreme Air Force 1 Low White,Shoes,172600,Nike,189000
2025-01-07T10:16:35Z,Nike x Supreme Air Force 1 Low White,Shoes,172600,Nike,196000
2025-01-07T09:30:45Z,Nike x Supreme Air Force 1 Low White,Shoes,172600,Nike,228000
2025-01-07T08:39:32Z,Nike x Supreme Air Force 1 Low White,Shoes,172600,Nike,195000
2025-01-07T08:39:32Z,Nike x Supreme Air Force 1 Low White,Shoes,172600,Nike,310000
2025-01-07T07:24:35Z,Nike x Supreme Air Force 1 Low White,Shoes,172600,Nike,289000
2025-01-07T06:21:23Z,Nike x Supreme Air Force 1 Low White,Shoes,172600,Nike,198000
2025-01-07T06:08:30Z,Nike x Supreme Air Force 1 Low White,Shoes,172600,Nike,200000
2025-01-07T06:03:55Z,Nike x Supreme Air Force 1 Low White,Shoes,172600,Nike,195000
2025-01-07T06:03:55Z,Nike x Supreme Air Force 1 Low White,Shoes,172600,Nike,202000
2025-01-07T06:03:55Z,Nike x Supreme Air Force 1 Low White,Shoes,172600,Nike,200000
2025-01-07T06:03:55Z,Nike x Supreme Air Force 1 Low White,Shoes,172600,Nike,213000
2025-01-07T06:03:55Z,Nike x Supreme Air Force 1 Low White,Shoes,172600,Nike,220000
2025-01-07T05:58:38Z,Nike x Supreme Air Force 1 Low White,Shoes,172600,Nike,196000
2025-01-07T05:58:38Z,Nike x Supreme Air Force 1 Low White,Shoes,172600,Nike,200000
2025-01-07T05:58:38Z,Nike x Supreme Air Force 1 Low White,Shoes,172600,Nike,220000
2025-01-07T05:37:20Z,Nike x Supreme Air Force 1 Low White,Shoes,172600,Nike,197000
2025-01-07T05:10:19Z,Nike x Supreme Air Force 1 Low White,Shoes,172600,Nike,194000
2025-01-07T04:27:50Z,Nike x Supreme Air Force 1 Low White,Shoes,172600,Nike,205000
2025-01-07T03:56:06Z,Nike x Supreme Air Force 1 Low White,Shoes,172600,Nike,215000
2025-01-07T02:48:39Z,Nike x Supreme Air Force 1 Low White,Shoes,172600,Nike,200000
2025-01-07T02:43:00Z,Nike x Supreme Air Force 1 Low White,Shoes,172600,Nike,204000
2025-01-07T02:36:57Z,Nike x Supreme Air Force 1 Low White,Shoes,172600,Nike,200000
2025-01-07T01:13:29Z,Nike x Supreme Air Force 1 Low White,Shoes,172600,Nike,224000
2025-01-06T23:38:19Z,Nike x Supreme Air Force 1 Low White,Shoes,172600,Nike,182000
2025-01-06T18:46:30Z,Nike x Supreme Air Force 1 Low White,Shoes,172600,Nike,214000
2025-01-06T15:53:56Z,Nike x Supreme Air Force 1 Low White,Shoes,172600,Nike,200000
2025-01-06T13:44:20Z,Nike x Supreme Air Force 1 Low White,Shoes,172600,Nike,264000
2025-01-06T13:39:08Z,Nike x Supreme Air Force 1 Low White,Shoes,172600,Nike,188000
2025-01-06T13:04:34Z,Nike x Supreme Air Force 1 Low White,Shoes,172600,Nike,204000
2025-01-06T12:54:06Z,Nike x Supreme Air Force 1 Low White,Shoes,172600,Nike,221000
2025-01-06T12:51:42Z,Nike x Supreme Air Force 1 Low White,Shoes,172600,Nike,194000
2025-01-06T12:04:45Z,Nike x Supreme Air Force 1 Low White,Shoes,172600,Nike,221000
2025-01-06T11:55:38Z,Nike x Supreme Air Force 1 Low White,Shoes,172600,Nike,205000
2025-01-06T10:35:04Z,Nike x Supreme Air Force 1 Low White,Shoes,172600,Nike,200000
2025-01-06T08:41:23Z,Nike x Supreme Air Force 1 Low White,Shoes,172600,Nike,223000
2025-01-06T08:28:13Z,Nike x Supreme Air Force 1 Low White,Shoes,172600,Nike,181000
2025-01-06T07:37:41Z,Nike x Supreme Air Force 1 Low White,Shoes,172600,Nike,188000
2025-01-06T07:06:13Z,Nike x Supreme Air Force 1 Low White,Shoes,172600,Nike,198000
2025-01-06T07:05:34Z,Nike x Supreme Air Force 1 Low White,Shoes,172600,Nike,195000
2025-01-06T07:01:01Z,Nike x Supreme Air Force 1 Low White,Shoes,172600,Nike,254000
2025-01-06T03:46:40Z,Nike x Supreme Air Force 1 Low White,Shoes,172600,Nike,220000
2025-01-06T02:02:42Z,Nike x Supreme Air Force 1 Low White,Shoes,172600,Nike,198000
2025-01-06T01:35:54Z,Nike x Supreme Air Force 1 Low White,Shoes,172600,Nike,197000
2025-01-06T01:22:40Z,Nike x Supreme Air Force 1 Low White,Shoes,172600,Nike,195000
2025-01-06T00:05:32Z,Nike x Supreme Air Force 1 Low White,Shoes,172600,Nike,195000
2025-01-05T22:41:56Z,Nike x Supreme Air Force 1 Low White,Shoes,172600,Nike,223000
2025-01-05T22:31:02Z,Nike x Supreme Air Force 1 Low White,Shoes,172600,Nike,200000
2025-01-05T17:10:38Z,Nike x Supreme Air Force 1 Low White,Shoes,172600,Nike,255000
2025-01-05T16:44:38Z,Nike x Supreme Air Force 1 Low White,Shoes,172600,Nike,199000
2025-01-05T16:39:54Z,Nike x Supreme Air Force 1 Low White,Shoes,172600,Nike,193000
2025-01-05T14:53:41Z,Nike x Supreme Air Force 1 Low White,Shoes,172600,Nike,200000
2025-01-05T14:16:22Z,Nike x Supreme Air Force 1 Low White,Shoes,172600,Nike,194000
2025-01-05T14:14:08Z,Nike x Supreme Air Force 1 Low White,Shoes,172600,Nike,195000
2025-01-05T13:48:48Z,Nike x Supreme Air Force 1 Low White,Shoes,172600,Nike,214000
2025-01-05T13:48:08Z,Nike x Supreme Air Force 1 Low White,Shoes,172600,Nike,199000
2025-01-05T13:41:02Z,Nike x Supreme Air Force 1 Low White,Shoes,172600,Nike,203000
2025-01-05T13:07:04Z,Nike x Supreme Air Force 1 Low White,Shoes,172600,Nike,194000
2025-01-05T12:36:50Z,Nike x Supreme Air Force 1 Low White,Shoes,172600,Nike,186000
2025-01-05T12:31:30Z,Nike x Supreme Air Force 1 Low White,Shoes,172600,Nike,211000
2025-01-05T12:30:50Z,Nike x Supreme Air Force 1 Low White,Shoes,172600,Nike,196000
2025-01-05T11:53:50Z,Nike x Supreme Air Force 1 Low White,Shoes,172600,Nike,210000
2025-01-05T11:33:21Z,Nike x Supreme Air Force 1 Low White,Shoes,172600,Nike,190000
2025-01-05T11:23:11Z,Nike x Supreme Air Force 1 Low White,Shoes,172600,Nike,184000
2025-01-05T10:08:18Z,Nike x Supreme Air Force 1 Low White,Shoes,172600,Nike,177000
2025-01-05T09:46:16Z,Nike x Supreme Air Force 1 Low White,Shoes,172600,Nike,193000
2025-01-05T07:16:23Z,Nike x Supreme Air Force 1 Low White,Shoes,172600,Nike,190000
2025-01-05T07:12:43Z,Nike x Supreme Air Force 1 Low White,Shoes,172600,Nike,214000
2025-01-05T06:36:35Z,Nike x Supreme Air Force 1 Low White,Shoes,172600,Nike,197000
2025-01-05T06:01:08Z,Nike x Supreme Air Force 1 Low White,Shoes,172600,Nike,184000
2025-01-05T05:45:34Z,Nike x Supreme Air Force 1 Low White,Shoes,172600,Nike,191000
2025-01-05T05:45:34Z,Nike x Supreme Air Force 1 Low White,Shoes,172600,Nike,202000
2025-01-05T05:10:08Z,Nike x Supreme Air Force 1 Low White,Shoes,172600,Nike,200000
2025-01-05T05:06:21Z,Nike x Supreme Air Force 1 Low White,Shoes,172600,Nike,194000
2025-01-05T03:56:54Z,Nike x Supreme Air Force 1 Low White,Shoes,172600,Nike,190000
2025-01-05T02:23:42Z,Nike x Supreme Air Force 1 Low White,Shoes,172600,Nike,212000
2025-01-04T23:59:22Z,Nike x Supreme Air Force 1 Low White,Shoes,172600,Nike,190000
2025-01-04T21:54:30Z,Nike x Supreme Air Force 1 Low White,Shoes,172600,Nike,185000
2025-01-04T18:00:22Z,Nike x Supreme Air Force 1 Low White,Shoes,172600,Nike,219000
2025-01-04T17:43:17Z,Nike x Supreme Air Force 1 Low White,Shoes,172600,Nike,214000
2025-01-04T17:22:10Z,Nike x Supreme Air Force 1 Low White,Shoes,172600,Nike,179000
2025-01-04T14:33:12Z,Nike x Supreme Air Force 1 Low White,Shoes,172600,Nike,190000
2025-01-04T13:44:43Z,Nike x Supreme Air Force 1 Low White,Shoes,172600,Nike,199000
2025-01-04T13:34:43Z,Nike x Supreme Air Force 1 Low White,Shoes,172600,Nike,175000
2025-01-04T12:04:53Z,Nike x Supreme Air Force 1 Low White,Shoes,172600,Nike,193000
2025-01-04T11:31:00Z,Nike x Supreme Air Force 1 Low White,Shoes,172600,Nike,209000
2025-01-04T11:09:14Z,Nike x Supreme Air Force 1 Low White,Shoes,172600,Nike,199000
2025-01-04T10:33:53Z,Nike x Supreme Air Force 1 Low White,Shoes,172600,Nike,216000
2025-01-04T10:33:50Z,Nike x Supreme Air Force 1 Low White,Shoes,172600,Nike,201000
2025-01-04T09:41:49Z,Nike x Supreme Air Force 1 Low White,Shoes,172600,Nike,195000
2025-01-04T09:30:36Z,Nike x Supreme Air Force 1 Low White,Shoes,172600,Nike,200000
2025-01-04T08:38:38Z,Nike x Supreme Air Force 1 Low White,Shoes,172600,Nike,211000
2025-01-04T08:35:13Z,Nike x Supreme Air Force 1 Low White,Shoes,172600,Nike,195000
2025-01-04T08:01:01Z,Nike x Supreme Air Force 1 Low White,Shoes,172600,Nike,200000
2025-01-04T07:45:20Z,Nike x Supreme Air Force 1 Low White,Shoes,172600,Nike,189000
2025-01-04T07:00:14Z,Nike x Supreme Air Force 1 Low White,Shoes,172600,Nike,207000
2025-01-04T06:42:27Z,Nike x Supreme Air Force 1 Low White,Shoes,172600,Nike,192000
2025-01-04T05:19:21Z,Nike x Supreme Air Force 1 Low White,Shoes,172600,Nike,199000
2025-01-04T04:42:49Z,Nike x Supreme Air Force 1 Low White,Shoes,172600,Nike,190000
2025-01-04T02:54:58Z,Nike x Supreme Air Force 1 Low White,Shoes,172600,Nike,210000
2025-01-04T02:49:23Z,Nike x Supreme Air Force 1 Low White,Shoes,172600,Nike,199000
2025-01-04T01:22:11Z,Nike x Supreme Air Force 1 Low White,Shoes,172600,Nike,190000
2025-01-04T00:26:33Z,Nike x Supreme Air Force 1 Low White,Shoes,172600,Nike,190000
2025-01-03T16:41:38Z,Nike x Supreme Air Force 1 Low White,Shoes,172600,Nike,194000
2025-01-03T16:19:09Z,Nike x Supreme Air Force 1 Low White,Shoes,172600,Nike,214000
2025-01-03T15:22:45Z,Nike x Supreme Air Force 1 Low White,Shoes,172600,Nike,210000
2025-01-03T14:30:28Z,Nike x Supreme Air Force 1 Low White,Shoes,172600,Nike,223000
2025-01-03T14:10:13Z,Nike x Supreme Air Force 1 Low White,Shoes,172600,Nike,187000
2025-01-03T13:58:17Z,Nike x Supreme Air Force 1 Low White,Shoes,172600,Nike,275000
2025-01-03T13:53:53Z,Nike x Supreme Air Force 1 Low White,Shoes,172600,Nike,223000
2025-01-03T10:49:52Z,Nike x Supreme Air Force 1 Low White,Shoes,172600,Nike,199000
2025-01-03T10:44:59Z,Nike x Supreme Air Force 1 Low White,Shoes,172600,Nike,287000
2025-01-03T09:31:09Z,Nike x Supreme Air Force 1 Low White,Shoes,172600,Nike,205000
2025-01-03T09:12:31Z,Nike x Supreme Air Force 1 Low White,Shoes,172600,Nike,200000
2025-01-03T08:51:47Z,Nike x Supreme Air Force 1 Low White,Shoes,172600,Nike,187000
2025-01-03T07:53:56Z,Nike x Supreme Air Force 1 Low White,Shoes,172600,Nike,177000
2025-01-03T07:46:33Z,Nike x Supreme Air Force 1 Low White,Shoes,172600,Nike,210000
2025-01-03T07:13:02Z,Nike x Supreme Air Force 1 Low White,Shoes,172600,Nike,190000
2025-01-03T06:18:41Z,Nike x Supreme Air Force 1 Low White,Shoes,172600,Nike,190000
2025-01-03T06:16:18Z,Nike x Supreme Air Force 1 Low White,Shoes,172600,Nike,199000
2025-01-03T05:50:23Z,Nike x Supreme Air Force 1 Low White,Shoes,172600,Nike,189000
2025-01-03T05:35:55Z,Nike x Supreme Air Force 1 Low White,Shoes,172600,Nike,190000
2025-01-03T05:16:14Z,Nike x Supreme Air Force 1 Low White,Shoes,172600,Nike,180000
2025-01-03T05:15:56Z,Nike x Supreme Air Force 1 Low White,Shoes,172600,Nike,209000
2025-01-03T04:54:45Z,Nike x Supreme Air Force 1 Low White,Shoes,172600,Nike,194000
2025-01-03T04:48:35Z,Nike x Supreme Air Force 1 Low White,Shoes,172600,Nike,194000
2025-01-03T04:28:13Z,Nike x Supreme Air Force 1 Low White,Shoes,172600,Nike,194000
2025-01-03T04:15:21Z,Nike x Supreme Air Force 1 Low White,Shoes,172600,Nike,269000
2025-01-03T03:18:21Z,Nike x Supreme Air Force 1 Low White,Shoes,172600,Nike,180000
2025-01-03T03:03:11Z,Nike x Supreme Air Force 1 Low White,Shoes,172600,Nike,214000
2025-01-03T02:45:14Z,Nike x Supreme Air Force 1 Low White,Shoes,172600,Nike,179000
2025-01-03T02:34:39Z,Nike x Supreme Air Force 1 Low White,Shoes,172600,Nike,180000
2025-01-03T02:27:21Z,Nike x Supreme Air Force 1 Low White,Shoes,172600,Nike,194000
2025-01-03T02:23:49Z,Nike x Supreme Air Force 1 Low White,Shoes,172600,Nike,179000
2025-01-03T02:22:37Z,Nike x Supreme Air Force 1 Low White,Shoes,172600,Nike,188000
2025-01-03T01:42:25Z,Nike x Supreme Air Force 1 Low White,Shoes,172600,Nike,183000
2025-01-03T01:03:32Z,Nike x Supreme Air Force 1 Low White,Shoes,172600,Nike,190000
2025-01-03T00:36:34Z,Nike x Supreme Air Force 1 Low White,Shoes,172600,Nike,179000
2025-01-02T21:29:10Z,Nike x Supreme Air Force 1 Low White,Shoes,172600,Nike,182000
2025-01-02T19:59:01Z,Nike x Supreme Air Force 1 Low White,Shoes,172600,Nike,214000
2025-01-02T15:39:35Z,Nike x Supreme Air Force 1 Low White,Shoes,172600,Nike,193000
2025-01-02T14:08:46Z,Nike x Supreme Air Force 1 Low White,Shoes,172600,Nike,198000
2025-01-02T14:01:20Z,Nike x Supreme Air Force 1 Low White,Shoes,172600,Nike,189000
2025-01-02T13:42:22Z,Nike x Supreme Air Force 1 Low White,Shoes,172600,Nike,200000
2025-01-02T13:18:18Z,Nike x Supreme Air Force 1 Low White,Shoes,172600,Nike,213000
2025-01-02T12:23:52Z,Nike x Supreme Air Force 1 Low White,Shoes,172600,Nike,188000
2025-01-02T12:10:37Z,Nike x Supreme Air Force 1 Low White,Shoes,172600,Nike,190000
2025-01-02T11:47:26Z,Nike x Supreme Air Force 1 Low White,Shoes,172600,Nike,188000
2025-01-02T11:27:56Z,Nike x Supreme Air Force 1 Low White,Shoes,172600,Nike,194000
2025-01-02T11:15:51Z,Nike x Supreme Air Force 1 Low White,Shoes,172600,Nike,189000
2025-01-02T10:29:23Z,Nike x Supreme Air Force 1 Low White,Shoes,172600,Nike,189000
2025-01-02T10:13:30Z,Nike x Supreme Air Force 1 Low White,Shoes,172600,Nike,188000
2025-01-02T10:11:49Z,Nike x Supreme Air Force 1 Low White,Shoes,172600,Nike,207000
2025-01-02T10:07:14Z,Nike x Supreme Air Force 1 Low White,Shoes,172600,Nike,190000
2025-01-02T09:35:45Z,Nike x Supreme Air Force 1 Low White,Shoes,172600,Nike,234000
2025-01-02T09:31:56Z,Nike x Supreme Air Force 1 Low White,Shoes,172600,Nike,197000
2025-01-02T08:41:48Z,Nike x Supreme Air Force 1 Low White,Shoes,172600,Nike,196000
2025-01-02T08:41:40Z,Nike x Supreme Air Force 1 Low White,Shoes,172600,Nike,186000
2025-01-02T08:08:42Z,Nike x Supreme Air Force 1 Low White,Shoes,172600,Nike,233000
2025-01-02T07:39:58Z,Nike x Supreme Air Force 1 Low White,Shoes,172600,Nike,185000
2025-01-02T07:37:51Z,Nike x Supreme Air Force 1 Low White,Shoes,172600,Nike,218000
2025-01-02T07:37:14Z,Nike x Supreme Air Force 1 Low White,Shoes,172600,Nike,199000
2025-01-02T07:24:04Z,Nike x Supreme Air Force 1 Low White,Shoes,172600,Nike,212000
2025-01-02T06:33:26Z,Nike x Supreme Air Force 1 Low White,Shoes,172600,Nike,212000
2025-01-02T05:20:15Z,Nike x Supreme Air Force 1 Low White,Shoes,172600,Nike,201000
2025-01-02T05:18:43Z,Nike x Supreme Air Force 1 Low White,Shoes,172600,Nike,179000
2025-01-02T01:22:44Z,Nike x Supreme Air Force 1 Low White,Shoes,172600,Nike,220000
2025-01-02T01:18:59Z,Nike x Supreme Air Force 1 Low White,Shoes,172600,Nike,218000
2025-01-02T00:42:54Z,Nike x Supreme Air Force 1 Low White,Shoes,172600,Nike,211000
2025-01-02T00:23:22Z,Nike x Supreme Air Force 1 Low White,Shoes,172600,Nike,189000
2025-01-01T23:40:53Z,Nike x Supreme Air Force 1 Low White,Shoes,172600,Nike,196000
2025-01-01T23:36:17Z,Nike x Supreme Air Force 1 Low White,Shoes,172600,Nike,189000
2025-01-01T17:57:59Z,Nike x Supreme Air Force 1 Low White,Shoes,172600,Nike,189000
2025-01-01T17:54:50Z,Nike x Supreme Air Force 1 Low White,Shoes,172600,Nike,210000
2025-01-01T15:47:47Z,Nike x Supreme Air Force 1 Low White,Shoes,172600,Nike,188000
2025-01-01T14:40:16Z,Nike x Supreme Air Force 1 Low White,Shoes,172600,Nike,205000
2025-01-01T14:37:06Z,Nike x Supreme Air Force 1 Low White,Shoes,172600,Nike,197000
2025-01-01T14:07:30Z,Nike x Supreme Air Force 1 Low White,Shoes,172600,Nike,196000
2025-01-01T14:03:52Z,Nike x Supreme Air Force 1 Low White,Shoes,172600,Nike,189000
2025-01-01T13:56:27Z,Nike x Supreme Air Force 1 Low White,Shoes,172600,Nike,212000
2025-01-01T13:55:14Z,Nike x Supreme Air Force 1 Low White,Shoes,172600,Nike,177000
2025-01-01T13:52:58Z,Nike x Supreme Air Force 1 Low White,Shoes,172600,Nike,177000
2025-01-01T13:30:39Z,Nike x Supreme Air Force 1 Low White,Shoes,172600,Nike,209000
2025-01-01T13:29:39Z,Nike x Supreme Air Force 1 Low White,Shoes,172600,Nike,189000
2025-01-01T13:03:45Z,Nike x Supreme Air Force 1 Low White,Shoes,172600,Nike,196000
2025-01-01T12:39:53Z,Nike x Supreme Air Force 1 Low White,Shoes,172600,Nike,200000
2025-01-01T12:14:33Z,Nike x Supreme Air Force 1 Low White,Shoes,172600,Nike,194000
2025-01-01T11:58:33Z,Nike x Supreme Air Force 1 Low White,Shoes,172600,Nike,185000
2025-01-01T11:14:40Z,Nike x Supreme Air Force 1 Low White,Shoes,172600,Nike,187000
2025-01-01T11:14:17Z,Nike x Supreme Air Force 1 Low White,Shoes,172600,Nike,231000
2025-01-01T11:11:52Z,Nike x Supreme Air Force 1 Low White,Shoes,172600,Nike,219000
2025-01-01T11:10:54Z,Nike x Supreme Air Force 1 Low White,Shoes,172600,Nike,197000
2025-01-01T09:49:00Z,Nike x Supreme Air Force 1 Low White,Shoes,172600,Nike,270000
2025-01-01T09:20:00Z,Nike x Supreme Air Force 1 Low White,Shoes,172600,Nike,207000
2025-01-01T09:01:04Z,Nike x Supreme Air Force 1 Low White,Shoes,172600,Nike,184000
2025-01-01T08:20:43Z,Nike x Supreme Air Force 1 Low White,Shoes,172600,Nike,187000
2025-01-01T07:35:56Z,Nike x Supreme Air Force 1 Low White,Shoes,172600,Nike,184000
2025-01-01T07:16:28Z,Nike x Supreme Air Force 1 Low White,Shoes,172600,Nike,212000
2025-01-01T07:08:18Z,Nike x Supreme Air Force 1 Low White,Shoes,172600,Nike,188000
2025-01-01T06:24:17Z,Nike x Supreme Air Force 1 Low White,Shoes,172600,Nike,186000
2025-01-01T06:23:03Z,Nike x Supreme Air Force 1 Low White,Shoes,172600,Nike,185000
2025-01-01T06:19:00Z,Nike x Supreme Air Force 1 Low White,Shoes,172600,Nike,211000
2025-01-01T05:19:58Z,Nike x Supreme Air Force 1 Low White,Shoes,172600,Nike,194000
2025-01-01T05:19:49Z,Nike x Supreme Air Force 1 Low White,Shoes,172600,Nike,180000
2025-01-01T05:11:17Z,Nike x Supreme Air Force 1 Low White,Shoes,172600,Nike,201000
2025-01-01T05:07:17Z,Nike x Supreme Air Force 1 Low White,Shoes,172600,Nike,207000
2025-01-01T04:47:08Z,Nike x Supreme Air Force 1 Low White,Shoes,172600,Nike,198000
2025-01-01T02:40:30Z,Nike x Supreme Air Force 1 Low White,Shoes,172600,Nike,212000
2025-01-01T02:22:22Z,Nike x Supreme Air Force 1 Low White,Shoes,172600,Nike,208000
2025-01-01T02:20:59Z,Nike x Supreme Air Force 1 Low White,Shoes,172600,Nike,193000
2025-01-01T02:16:44Z,Nike x Supreme Air Force 1 Low White,Shoes,172600,Nike,185000
2025-01-01T00:26:42Z,Nike x Supreme Air Force 1 Low White,Shoes,172600,Nike,192000
2025-01-01T00:22:25Z,Nike x Supreme Air Force 1 Low White,Shoes,172600,Nike,194000
2024-12-31T19:28:09Z,Nike x Supreme Air Force 1 Low White,Shoes,172600,Nike,212000
2024-12-31T16:52:43Z,Nike x Supreme Air Force 1 Low White,Shoes,172600,Nike,187000
2024-12-31T15:45:00Z,Nike x Supreme Air Force 1 Low White,Shoes,172600,Nike,230000
2024-12-31T15:14:21Z,Nike x Supreme Air Force 1 Low White,Shoes,172600,Nike,190000
2024-12-31T14:56:35Z,Nike x Supreme Air Force 1 Low White,Shoes,172600,Nike,177000
2024-12-31T14:37:04Z,Nike x Supreme Air Force 1 Low White,Shoes,172600,Nike,220000
2024-12-31T13:38:51Z,Nike x Supreme Air Force 1 Low White,Shoes,172600,Nike,225000
2024-12-31T13:36:41Z,Nike x Supreme Air Force 1 Low White,Shoes,172600,Nike,197000
2024-12-31T11:05:58Z,Nike x Supreme Air Force 1 Low White,Shoes,172600,Nike,190000
2024-12-31T08:39:38Z,Nike x Supreme Air Force 1 Low White,Shoes,172600,Nike,195000
2024-12-31T08:14:53Z,Nike x Supreme Air Force 1 Low White,Shoes,172600,Nike,189000
2024-12-31T07:49:33Z,Nike x Supreme Air Force 1 Low White,Shoes,172600,Nike,179000
2024-12-31T07:30:16Z,Nike x Supreme Air Force 1 Low White,Shoes,172600,Nike,212000
2024-12-31T05:57:32Z,Nike x Supreme Air Force 1 Low White,Shoes,172600,Nike,191000
2024-12-31T05:29:24Z,Nike x Supreme Air Force 1 Low White,Shoes,172600,Nike,188000
2024-12-31T04:56:30Z,Nike x Supreme Air Force 1 Low White,Shoes,172600,Nike,194000
2024-12-31T04:25:27Z,Nike x Supreme Air Force 1 Low White,Shoes,172600,Nike,200000
2024-12-31T03:38:46Z,Nike x Supreme Air Force 1 Low White,Shoes,172600,Nike,185000
